Created_at;tweets
2020-03-19 19:44:35;"@kyledcheney @TheRickWilson @timkmak Ummm the Whitehouse had already taken steps way before that.
Do you knobs ever tell the truth?"
2020-03-19 19:44:35;@HHSGov @CDCgov @WhiteHouse If only we had some tests or something to help. Getting as many tests from as many comp‚Ä¶ https://t.co/BAXjSDPZNz
2020-03-19 19:44:34;@WhiteHouse @realDonaldTrump @fema NOTHING will slow the virus spread until there is a hard shutdown of airline fli‚Ä¶ https://t.co/Aj3qXqxLbY
2020-03-19 19:44:31;"@WhiteHouse @realDonaldTrump Mr. President, thanx 4 all U do. PLEASE, tell all news &amp; media outlets 2 start reporti‚Ä¶ https://t.co/xM6M2aaSib"
2020-03-19 19:44:30;"Regarding the unbelievably disrespectful treatment of the ""press"" towards @POTUS and WH officials it is high time f‚Ä¶ https://t.co/7iA1dc4876"
2020-03-19 19:44:30;@Citizen4Trump20 @WhiteHouse @realDonaldTrump Bots talking
2020-03-19 19:44:27;@WhiteHouse There is a difference between Chinese virus and Chinese corona virus. Simple minded.
2020-03-19 19:44:27;@tedlieu @WhiteHouse Really is that the official name? Every commentator and news personality called it the wuhan V‚Ä¶ https://t.co/2SMgitzILb
2020-03-19 19:44:27;@tedlieu @WhiteHouse Give me a break! Stop this BS! Many diseases were named after countries like Spanish flu. Stop‚Ä¶ https://t.co/RfYUEW7Pxj
2020-03-19 19:44:26;@EhrichT @CraggsMegyorky @NewsCorpse @WhiteHouse @realDonaldTrump It called citizenship you ass‚ÄºÔ∏èüá∫üá∏
2020-03-19 19:44:23;@tedlieu @WhiteHouse Why is it the blue state of California  has all these cases of discrimination that I only seem‚Ä¶ https://t.co/w6rcPr589v
2020-03-19 19:44:23;@fujinsensei @w_brind @tedlieu @WhiteHouse And got called a racist for it.
2020-03-19 19:44:21;@WhiteHouse To Trump and the GOP. We are going to get rid of about 70-80% of YOU! There NONE of you we like. Tell y‚Ä¶ https://t.co/0sUQUFfCYk
2020-03-19 19:44:20;@littleimpressio @WhiteHouse @realDonaldTrump Polly want a cracker? Your ability to repeat hackneyed (therefore BOR‚Ä¶ https://t.co/DPTauUbOAm
2020-03-19 19:44:18;@Cernovich @realDonaldTrump @SBA State spons financing arms should also adopt such approach. This will allow the co‚Ä¶ https://t.co/qKvgZmHYZG
2020-03-19 19:44:18;God bless our President! https://t.co/s0IM3Iu1AZ
2020-03-19 19:44:18;"@userwen123 @WhiteHouse @realDonaldTrump @fema lol

He's the only president to never have majority approval for his‚Ä¶ https://t.co/h5QN1FAi9E"
2020-03-19 19:44:14;@WhiteHouse The only person dividing people is your lose @POTUS ! Stop calling it Chinese. Call it Covid-19! You‚Äôre‚Ä¶ https://t.co/UAveeDd1lh
2020-03-19 19:44:14;@brianschatz Only the @WhiteHouse knows...and all they do is lie.
2020-03-19 19:44:13;@WhiteHouse @realDonaldTrump Sir, because of your economic policies, tax cuts and booming economy, I've had 13 days‚Ä¶ https://t.co/5HipI4DEYN
2020-03-19 19:44:12;@tedlieu @WhiteHouse When out of ideas the idiot DEMs resort to racism.  When are you going to offer something cons‚Ä¶ https://t.co/8mWJPm0Zq5
2020-03-19 19:44:12;@SheriAWilkinson What gets to me done one outed  him out yesterday. And her he goes calling it a #ChineseVirus agai‚Ä¶ https://t.co/gMSmLPK8vf
2020-03-19 19:44:12;Trump is giving all you people who hate him and are SO FUCKING MEAN ABOUT HIM BEING IN OFFICE MONEY. PRAY FOR OUR P‚Ä¶ https://t.co/kM0MTXBCiv
2020-03-19 19:44:10;@Kookieduck @boobooskdoo @austi1_jean @WhiteHouse @realDonaldTrump Say it with him! https://t.co/y9rr2BwQQj
2020-03-19 19:44:08;@AllisonPaker8 @davidmweissman @WhiteHouse @realDonaldTrump No thanks. Take that someone else.
2020-03-19 19:44:08;@POTUS @realDonaldTrump* @WhiteHouse is a clueless idiot who needs to resign now! https://t.co/Llao1nhjZF
2020-03-19 19:44:08;@realDonaldTrump @WhiteHouse @jaredkushner @IvankaTrump @MeetThePress look trump put a plant in the press conferenc‚Ä¶ https://t.co/nKjlxZmGo0
2020-03-19 19:44:08;@tedlieu @WhiteHouse Just here for the ratio. Another great tweet by Ed Buck‚Äôs BFF! Sorry this is happening to you
2020-03-19 19:44:07;@anchor_soul @WhiteHouse @realDonaldTrump @fema You like being obtuse, don‚Äôt you?
2020-03-19 19:44:05;@tedlieu @WhiteHouse Race baiting hypocrite. https://t.co/bJVsZKhCtZ
2020-03-19 19:44:03;@WhiteHouse @realDonaldTrump Pathetic.  Unacceptable.  He can't MAGA.  He can only exploit.
2020-03-19 19:44:03;@NACoTweets @WhiteHouse @CDCgov Where can we be tested? There's nowhere in SNJ. I need to be tested
2020-03-19 19:44:01;@conservativma @realDonaldTrump @WhiteHouse Totally Agree!
2020-03-19 19:43:56;@WhiteHouse @realDonaldTrump As rapidly as the #TrumpPandemic spread?
2020-03-19 19:43:56;@WhiteHouse @realDonaldTrump How about rather then propping up an aging petroleum industry you invest that money in‚Ä¶ https://t.co/iZvi0rURZC
2020-03-19 19:43:55;@WhiteHouse @realDonaldTrump @fema @WhiteHouse @realDonaldTrump is finally realizing that Americans are tired of hi‚Ä¶ https://t.co/JK0ZTfUJcs
2020-03-19 19:43:55;@BlueRobotDesign @waxingcrecent @WhiteHouse Pretty sure they're doing  fine
2020-03-19 19:43:54;@tedlieu @WhiteHouse Ted continues to divide a nation in crisis. Classy.
2020-03-19 19:43:52;@tedlieu @WhiteHouse Black Plague, yellow fever, German measles, small pox. People don‚Äôt like ‚Äúofficial names.‚Äù
2020-03-19 19:43:51;@Kookieduck @austi1_jean @WhiteHouse @realDonaldTrump We are so huge they are region oriented.. https://t.co/VO9zZ3YWP0
2020-03-19 19:43:51;@tedlieu @WhiteHouse Tell me,  did you mention this to CNN? Because I heard nothing from you when this all started‚Ä¶ https://t.co/Xy27GOZdsr
2020-03-19 19:43:50;@tedlieu @WhiteHouse It would be helpful if u all would stop using every opportunity to attack our President
2020-03-19 19:43:50;@papawiseass @JenniferJerboa @SteveScalise @WhiteHouse @realDonaldTrump Not in new Orleans
2020-03-19 19:43:49;@SarahHe37971156 @SecAzar @WhiteHouse @POTUS Actually he did, and was called a racist when he stopped travel from C‚Ä¶ https://t.co/RYMTDrkh7e
2020-03-19 19:43:48;@WhiteHouse @realDonaldTrump Yeah, with a Democrat as President. As usual. (Just look up the damn facts. Republican‚Ä¶ https://t.co/dPvIWDB0S8
2020-03-19 19:43:47;We have never been prouder of our President and Vice-President. They are leading a stellar team of health and of fi‚Ä¶ https://t.co/cVbtUJxQ1f
2020-03-19 19:43:47;@WhiteHouse Not with you in charge
2020-03-19 19:43:46;@MarkerJoe @WhiteHouse @realDonaldTrump Lol. Who says the left can't meme?
2020-03-19 19:43:46;@WhiteHouse @realDonaldTrump That's not how it works. I have lost all my money in my 401K. Thanks to your stupidity.
2020-03-19 19:43:43;@siminj @kasraNejat1 @SecPompeo @CommerceGov @NCRIUS @A_Jafarzadeh @WhiteHouse @StateDept I said IAEA reports which‚Ä¶ https://t.co/ODzl476Cey
2020-03-19 19:43:42;"@WhiteHouse YOU SCREWED THIS UP! YOU CARED MORE ABOUT BASHING THE DEMS &amp; TRYING TO MAKE YOURSELF LOOK GOOD THAN HUM‚Ä¶ https://t.co/hqhrO51u4q"
2020-03-19 19:43:41;@TIN_Normal @WhiteHouse @realDonaldTrump @fema A stupid man's report of what a clever man says can never be accurat‚Ä¶ https://t.co/f1BDBOH55Q
2020-03-19 19:43:40;@WhiteHouse @realDonaldTrump Are you going to award yourself a medal for creating this mess in the first place and‚Ä¶ https://t.co/bR4v8nVBDg
2020-03-19 19:43:38;@WhiteHouse @realDonaldTrump Oh no, it won't not as long as you are in charge!
2020-03-19 19:43:38;@WhiteHouse @realDonaldTrump CAN WE GET CLOVID 19 FROM EATING ARE OWN POOP
2020-03-19 19:43:37;@AlOtto18 @WhiteHouse @realDonaldTrump @fema Those are all quotes from the president. Were any of inaccurately quot‚Ä¶ https://t.co/7AouSNJ2eI
2020-03-19 19:43:35;"Where is Dr. Fauci?? Where is the CDC Director? 

More important, why is the federal government hoarding the stockp‚Ä¶ https://t.co/OvXdbI2iRw"
2020-03-19 19:43:35;@WhiteHouse @realDonaldTrump @fema You‚Äôre doing a wonderful job, Mr President! But you knew. Thank you!
2020-03-19 19:43:33;@WhiteHouse But in the meantime it will be total devastation to the economy.
2020-03-19 19:43:33;@WhiteHouse @realDonaldTrump In the midst of this crisis strong and advanced countries must remember that this viru‚Ä¶ https://t.co/PmlfU3qX5I
2020-03-19 19:43:30;@american_1812 @WhiteHouse @realDonaldTrump @HouseDemocrats The bots are out in full force
2020-03-19 19:43:28;@alexpigeon @WhiteHouse Retweet
2020-03-19 19:43:27;"@WhiteHouse @realDonaldTrump @fema #Intelligence #Chairman Raised #Virus Alarms Weeks Ago, Secret Recording Shows
https://t.co/rLIDfdVn28"
2020-03-19 19:43:26;Check this out!!! People should see how savage @ChanelRion was at the press briefing at the @WhiteHouse. As the‚Ä¶ https://t.co/WgOkKuoSp4
2020-03-19 19:43:26;"""Spanish"" flu started in the USA üòä https://t.co/fYJmgOsBaI"
2020-03-19 19:43:25;"@tedlieu @WhiteHouse You can call the Wuhan virus whatever you want. 

Just stop pestering the rest of us."
2020-03-19 19:43:24;@RachelPatzerPhD If you check the numbers you'll probably notice not many children are sick or dead, that's if you‚Ä¶ https://t.co/BcrGfmPtcK
2020-03-19 19:43:23;@BigDeal151 @WhiteHouse @realDonaldTrump @fema NONE of those are based on the Corruption that everyone knows happens in New Orleans.
2020-03-19 19:43:22;"@WhiteHouse The origin of the Spanish flu is a militar settlement of the USA

It was known as Spanish because it wa‚Ä¶ https://t.co/wrLb6hX7Ws"
2020-03-19 19:43:22;Why is America going to subsidize Saudi Arabia?  .@WhiteHouse @realDonaldTrump @JohnCornyn @SenatorDurbin‚Ä¶ https://t.co/kUolwtLxn8
2020-03-19 19:43:22;@tedlieu @WhiteHouse It‚Äôs the Chinese Virus. You‚Äôve been overruled! Trump 2020 üá∫üá∏, Trump 2024 üá∫üá∏, Trump 2028 üá∫üá∏, Tr‚Ä¶ https://t.co/BReJ00pFgh
2020-03-19 19:43:19;We need the US to step up and help protect the world from #COVID19. @realDonaldTrump @WhiteHouse will you release‚Ä¶ https://t.co/7YRLmrBmsr
2020-03-19 19:43:18;@tedlieu @WhiteHouse Please Ted - figure out what he‚Äôs trying to distract us from. He‚Äôs doing something and using t‚Ä¶ https://t.co/pZFlR2fzFy
2020-03-19 19:43:18;@Obijuangonzalez @WhiteHouse @realDonaldTrump @fema A stupid man's report of what a clever man says can never be ac‚Ä¶ https://t.co/FNWn0VsC5E
2020-03-19 19:43:18;@WhiteHouse Thank you!!!
2020-03-19 19:43:17;@HarryMi47749146 @truthsearch1957 @Dkmorris0204 @RosaleeAdams @Pawleybaby1999 @Stevest39589292 @NoGuff1 @MOLEONE‚Ä¶ https://t.co/bCKezH1VTx
2020-03-19 19:43:15;@SenatorBurr @WhiteHouse How do you sleep at night knowing how many American lives you have cost?
2020-03-19 19:43:15;"@WhiteHouse Is this you, stephen????

#TrumpPandemic"
2020-03-19 19:43:13;"Allowing doctors to practice across state lines will allow more Americans to get the care they need.
 
We can‚Äôt all‚Ä¶ https://t.co/CVNuo25eRK"
2020-03-19 19:43:13;@WhiteHouse really. one town in Itay stopped the spread bytesting every person. Asymtomatic positive patients were‚Ä¶ https://t.co/8pyJYvHW6M
2020-03-19 19:43:13;@WhiteHouse Yes, if that is the name of consensus. But this virus already has a name COVID-19. Calling it the Chinese Virus is wrong.
2020-03-19 19:43:06;@JoeSteelerFan @WhiteHouse @realDonaldTrump @fema A stupid man's report of what a clever man says can never be accu‚Ä¶ https://t.co/lBeWqD3j2B
2020-03-19 19:43:05;@WhiteHouse @realDonaldTrump You are a joke
2020-03-19 19:43:04;"@WhiteHouse @realDonaldTrump Eventually  ... but on January 20 President Biden will take office ... &amp; your disastro‚Ä¶ https://t.co/4LviPdCzQZ"
2020-03-19 19:43:03;@WhiteHouse @realDonaldTrump He's killed the economy.  Will he resort to socialists tactics to salvage his mess.  Y‚Ä¶ https://t.co/nFOxpm2Eni
2020-03-19 19:43:02;"@WhiteHouse Those trying to divide us (Trump &amp; his @GOP) must resign &amp; get out of there before they do any more dam‚Ä¶ https://t.co/Orl7TnHhZQ"
2020-03-19 19:43:01;What kind of journalists are these in the @WhiteHouse press conference? At mark 1:10:30 Questions From OAN:  ‚Äú1 - I‚Ä¶ https://t.co/8ZNxXfNuun
2020-03-19 19:43:01;@WhiteHouse @realDonaldTrump @fema His a funny fucker
2020-03-19 19:43:01;@SenWarren @WhiteHouse @FoxNews Elizabeth shut the hell up once and for all and go have a beer with your husband
2020-03-19 19:43:00;@WhiteHouse STFU and get back to the issue at hand!
2020-03-19 19:42:59;"@tedlieu @WhiteHouse üò¢üò¢üò¢üò¢üò¢üò¢
somebody call teddy a waaaaahmbulance!!!"
2020-03-19 19:42:59;@seanhannity THERE SHOULD BE A WALL AROUND THE WHITEHOUSE UNTIL IT IS DISINFECTED!
2020-03-19 19:42:57;@AfterFX @WhiteHouse @realDonaldTrump @fema You seriously don't think that effects them to have the president pushi‚Ä¶ https://t.co/hXbTVTPtEP
2020-03-19 19:42:57;Trump disgraces the Whitehouse by his sheer existence https://t.co/SBS5sPbkhL
2020-03-19 19:42:56;@WhiteHouse @realDonaldTrump Every time you use the racist term of ‚ÄúChinese virus‚Äù we will call it the #TrumpVirus‚Ä¶ https://t.co/8Htib4a64J
2020-03-19 19:42:56;@tedlieu @WhiteHouse Good lord! No one cares!
2020-03-19 19:42:55;"@WhiteHouse Chinese isn‚Äôt a place, nimrods.  

CNN has called the President lots of things - perhaps we should adop‚Ä¶ https://t.co/8gkOu9NlSn"
2020-03-19 19:42:53;"@tedlieu @WhiteHouse It's the #ChineseVirus because of where it originated. 

What's your excuse?"
2020-03-19 19:42:53;@WhiteHouse Efffff offfffff
2020-03-19 19:42:53;.Calling the #coronavirus by any other name is not accurate!   @WhiteHouse A real leader would know that.‚Ä¶ https://t.co/C8X0mY7uAX
2020-03-19 19:42:50;@WhiteHouse You look terrible. The fact your justifying racism by saying they were racist first (if that‚Äôs true) do‚Ä¶ https://t.co/xkaawaOHK0
2020-03-19 19:42:50;@tedlieu @WhiteHouse THE CHINESE VIRUS!
2020-03-19 19:42:50;@tedlieu @WhiteHouse Dear @tedlieu, no. It started in China, we can call it whatever we want. Stop worrying about v‚Ä¶ https://t.co/fmc0s9J5ki
2020-03-19 19:42:49;@WhiteHouse @VP Thanks for the late notice assholes. Good thing state and local governments are leading  better than the feds.
2020-03-19 19:42:48;"@tedlieu @WhiteHouse There not called test ""kits"" either. Stay in your lane! #ChinaLiedPeopleDied #ChinaVirus #WuhanVirus #ChineseVirus"
2020-03-19 19:42:46;@briantylercohen @realDonaldTrump @WhiteHouse Exactly.
2020-03-19 19:42:45;@WhiteHouse Arnt you glad the fed ignored your stupid advice as they would not have been able to respond to this cr‚Ä¶ https://t.co/j5WLzCmncO
2020-03-19 19:42:45;@AlaminskiFritz @Autarkh @WhiteHouse Why?  Trump will be gone and with any luck be in prison. It‚Äôs reason to celebrate.
2020-03-19 19:42:45;@tedlieu @WhiteHouse Are you going to lead the charge to get rid of the names of all other virus that are named for‚Ä¶ https://t.co/KLLkqCbyxP
2020-03-19 19:42:44;"While this is NOT a ""Chinese"" Flu/virus, its history was traced back to China. THIS is no excuse for racism nor was‚Ä¶ https://t.co/pDr9gKpaTP"
2020-03-19 19:42:44;@JoeSteelerFan @WhiteHouse @realDonaldTrump @fema If an opinion contrary to your own makes you angry, that is a sig‚Ä¶ https://t.co/sP0E8Iq1Uf
2020-03-19 19:42:43;"Pure EVIL!
@TrumpWarRoom @TeamTrump @WhiteHouse @DonaldJTrumpJr @realDonaldTrump @LouDobbs @IngrahamAngle‚Ä¶ https://t.co/wG2TBv4osE"
2020-03-19 19:42:43;@tedlieu @WhiteHouse What have you been doing in Congress, let alone your own backyard, which has diseases from Third World countries.
2020-03-19 19:42:40;Racist-Lowlife-in-Chief and his moronic minions spend more time tweeting nonsense than doing their jobs!‚Ä¶ https://t.co/JWjJb9loHk
2020-03-19 19:42:38;@ImWatchingToo @HHSGov @TheJusticeDept @WhiteHouse @CDCgov If I lived close I‚Äôd got get your groceries.
2020-03-19 19:42:38;@WhiteHouse @FLOTUS Hope you can keep your distance for POTUS! üòÇüòÇ
2020-03-19 19:42:35;I had to send N95 masks to my NP daughter in Seattle. DO NOT LET @WhiteHouse and @realDonaldTrump bullshit everyone‚Ä¶ https://t.co/ZrPs8UNzhO
2020-03-19 19:42:34;@nancy_faust @cantpickanameff @WhiteHouse Obviously you don't know any liberals.
2020-03-19 19:42:34;@WhiteHouse @realDonaldTrump When this us over china will be the leader of the world. You will be the president that took USA down.
2020-03-19 19:42:30;He floating through even supporters never made him have long rallies. Look at the guy in the Whitehouse! No tax for‚Ä¶ https://t.co/fIiyQrgpIw
2020-03-19 19:42:29;@Woman_on_Pause @tedlieu @WhiteHouse Pretty sure the Spanish flu hit everywhere as well. What about Ebola? SARS?
2020-03-19 19:42:28;@oldmageguy @SecAzar @WhiteHouse @POTUS Guess you never researched the act and ww2.
2020-03-19 19:42:25;@tedlieu @WhiteHouse Your crazy logics means everyone hates Germans because of measles,  Spaniards because of flu..‚Ä¶ https://t.co/hcRvATwBmC
2020-03-19 19:42:24;"@WhiteHouse It's also a way to shit responsibitity for the virus yo china ..as un ""t take no responsibitity for this.."
2020-03-19 19:42:24;@ginak11707848 @WhiteHouse pitiful beggar
2020-03-19 19:42:22;@realDonaldTrump @VP @WhiteHouse F A I L U R E https://t.co/kWludsMH0D
2020-03-19 19:42:22;@WhiteHouse @realDonaldTrump @fema Mr President there are 43 millions American infected with Corona Virus and 2.1 m‚Ä¶ https://t.co/Vnqxxnb2Ti
2020-03-19 19:42:22;@WyantDanzo @FT1965 @anchor_soul @WhiteHouse @realDonaldTrump @fema God bless you, too.
2020-03-19 19:42:22;@BeadingfanNancy @WhiteHouse @realDonaldTrump @fema If an opinion contrary to your own makes you angry, that is a s‚Ä¶ https://t.co/roJR2pEgwq
2020-03-19 19:42:21;@WhiteHouse @realDonaldTrump You mean our so-so 2% growth economy that more or less has been the same as our econom‚Ä¶ https://t.co/n3QmkGECSi
2020-03-19 19:42:20;@BigDeal151 @WhiteHouse @realDonaldTrump @fema ffers of emergency supplies, vehicles, and specialized equipment fro‚Ä¶ https://t.co/YHMO14g5Rn
2020-03-19 19:42:19;@tedlieu @WhiteHouse You are part of the problem.
2020-03-19 19:42:19;They letting trump run this account too!? What‚Äôs wrong with y‚Äôall yo https://t.co/JGr9ouH4DL
2020-03-19 19:42:18;@tedlieu @WhiteHouse China virus.
2020-03-19 19:42:17;@WhiteHouse I thought it was a hoax snd the deplorables who voted for you clapped!!! What has changed?!
2020-03-19 19:42:16;@tedlieu @WhiteHouse Take care of California first you conspiring nut case.
2020-03-19 19:42:14;@hb348 @kimhyonchul1 @tedlieu @WhiteHouse Damn Liberals, that‚Äôs why! They even ruined the word racist...
2020-03-19 19:42:13;@phyllis1lasky @WhiteHouse @realDonaldTrump @POTUS Bot says what?
2020-03-19 19:42:12;@WhiteHouse Russian roulette anyone? You go first.
2020-03-19 19:42:10;@WhiteHouse @CDCgov @Surgeon_General Gen X-ers are the ones going around everywhere here. Y'all full of shit
2020-03-19 19:42:09;@WhiteHouse @realDonaldTrump @fema does President Trump ever rest hardest working president ever
2020-03-19 19:42:09;@BigDeal151 @WhiteHouse @realDonaldTrump @fema FEMA turned away trucks from Walmart loaded with water for New Orlea‚Ä¶ https://t.co/IcTBKhv0C0
2020-03-19 19:42:09;@ReallyRealMissa @rescuegirl103 @WhiteHouse You misspelled Obama.
2020-03-19 19:42:08;@tedlieu @WhiteHouse That's a feel good name for Dems....call it what it really is...SARS-COV-2...from China
2020-03-19 19:42:07;@JerryCalvert76 @SecAzar @WhiteHouse @POTUS Faster than flu a/b?  When the first patient was diagnosed was when the‚Ä¶ https://t.co/YUP4fY03Fe
2020-03-19 19:42:05;@WhiteHouse @realDonaldTrump Seriously, who thinks Biden could handle all this?
2020-03-19 19:42:04;@ItsPrettyLit2 @WhiteHouse @realDonaldTrump @fema BIRTHPLACE OF GOVERNMENT CORRUPTION https://t.co/o0pHc5vZ2y
2020-03-19 19:42:04;@lauraNYC212 @tedlieu @WhiteHouse For once!!! No kidding.
2020-03-19 19:42:02;"@tedlieu @WhiteHouse STOP! STOP! STOP!

THE AMOUNT OF TIME THAT YOU HAVE SPENT ON CRITICIZING PRESIDENT TRUMP,  FOR‚Ä¶ https://t.co/gDvpDnpgPq"
2020-03-19 19:42:01;@WhiteHouse @realDonaldTrump Tell trump not to speak during newscast
2020-03-19 19:42:01;@WhiteHouse @realDonaldTrump Note the keyword - CORONAVIRUS. Not Chinese virus or Chinese flu. SAD! https://t.co/qoAwm8H3Mg
2020-03-19 19:42:00;@MainStreetMuse @CarmineSabia @tedlieu @WhiteHouse Uh, NOPE
2020-03-19 19:42:00;@LisaNMIWatson @WhiteHouse @realDonaldTrump Agreed. He pawned the soul of our nation for his brief moment in the limelight.
2020-03-19 19:42:00;@WhiteHouse @CDCDirector @Surgeon_General Where are you good DR??!!?!?!?!?!
2020-03-19 19:42:00;@ChrisAlbertoLaw @tedlieu @WhiteHouse You sound like a sheep following the Communist agenda
2020-03-19 19:41:59;@BigDeal151 @WhiteHouse @realDonaldTrump @fema The Red Cross was denied access to the Superdome in New Orleans to d‚Ä¶ https://t.co/ccdT7mny3J
2020-03-19 19:41:59;@WhiteHouse Can you for once think of the humans?
2020-03-19 19:41:57;@WhiteHouse @realDonaldTrump @fema Yesterday the number was 6535 cases üò±Your losing it. https://t.co/K5sL0s2kdX
2020-03-19 19:41:57;"@WhiteHouse WHERE
ARE
THE
TESTS????

You are a MISERABLE, EMBARRASSING failure."
2020-03-19 19:41:56;@WhiteHouse Bounce back how? People are already worried about money!!!
2020-03-19 19:41:56;"@FlaDems 
#FLORIDA
NOT NEARLY GOOD ENOUGH
IT IS NOT JUST FLORIDA
IT IS WHOLE COUNTRY
UNLESS YOU ARE BUILDING
A WALL‚Ä¶ https://t.co/RYY8h8a94f"
2020-03-19 19:41:55;@CarmineSabia @tedlieu @WhiteHouse WELL SAID CARMINE!  I SECOND THAT!
2020-03-19 19:41:55;@WhiteHouse @realDonaldTrump @fema Dawn of the Idiots.
2020-03-19 19:41:54;@tedlieu @WhiteHouse The kung flu Teddy bear....how is crazy Eddie buck?
2020-03-19 19:41:53;@WhiteHouse @realDonaldTrump Where‚Äôs Dr Fauci??
2020-03-19 19:41:49;@Kookieduck @boobooskdoo @austi1_jean @WhiteHouse @realDonaldTrump Why not?
2020-03-19 19:41:48;Call don't Go!! #coronavirus #COVID19US https://t.co/R79C9SWDf4
2020-03-19 19:41:47;@WhiteHouse @realDonaldTrump *shipping clerk
2020-03-19 19:41:47;"""The [anonymous @GOP] lawmaker said in order to get a bill through quick, it would have to be a deal cut by all fou‚Ä¶ https://t.co/kpgBMT8W6F"
2020-03-19 19:41:46;@BigDeal151 @WhiteHouse @realDonaldTrump @fema EMA ‚Äúrefused Amtrak‚Äôs offer to evacuate victims, and wouldn‚Äôt return‚Ä¶ https://t.co/Q1SW8vWelK
2020-03-19 19:41:46;@PMLorber @WhiteHouse @realDonaldTrump @fema If an opinion contrary to your own makes you angry, that is a sign tha‚Ä¶ https://t.co/u0qPAbwPj9
2020-03-19 19:41:46;@tedlieu @WhiteHouse Get over your nationality it‚Äôs a China  virus that‚Äôs it... not time to worry bout fricken raci‚Ä¶ https://t.co/5gm1LA309j
2020-03-19 19:41:46;@WhiteHouse Sigh. One more reason for my foreign friends to roast me. Thanks @realDonaldTrump
2020-03-19 19:41:45;@WhiteHouse If the WH had done it‚Äôs job the Pandemic task force would have been in place and we would be ahead of t‚Ä¶ https://t.co/xboVVbe0FY
2020-03-19 19:41:45;@nancy_faust @cantpickanameff @WhiteHouse If it's his going up, then it's his going down.
2020-03-19 19:41:44;"@WhiteHouse Lies
Lies
Lies
More lies a out the Trump Plague
Lies
Lies
Lies"
2020-03-19 19:41:43;@Tracy02445131 @WhiteHouse This is what what happens when we elect someone with no governing experience who is noth‚Ä¶ https://t.co/HuRTVvBQbF
2020-03-19 19:41:43;"Transparency like we‚Äôve never seen. 

Love this man!!! @realDonaldTrump https://t.co/YSKOi3nZF9"
2020-03-19 19:41:43;They all knew and let the @WhiteHouse spread their hoax lies. @TheDemocrats @SenSanders @JoeBiden @SpeakerPelosi th‚Ä¶ https://t.co/w1SGMfeXFw
2020-03-19 19:41:41;@WhiteHouse @realDonaldTrump whenÔºü
2020-03-19 19:41:41;@WhiteHouse @realDonaldTrump Why are we not talking about favipiravir, remdesivir and chloroquine. All of which app‚Ä¶ https://t.co/kSUOz2oEe2
2020-03-19 19:41:39;@tedlieu @WhiteHouse That‚Äôs all you have to worry about ? Grow up
2020-03-19 19:41:38;@medfordtonka @WhiteHouse @realDonaldTrump @fema Please provide the video where he called it a hoax.
2020-03-19 19:41:38;@tedlieu @WhiteHouse Is china a race? Is America a race? How is saying something is Chinese racist? He isnt calling‚Ä¶ https://t.co/AINVVQiBcg
2020-03-19 19:41:37;"@tedlieu @WhiteHouse Hey, If it's racist to call the coronavirus "" the Chinese virus"". Can we call it ""The Who Flun‚Ä¶ https://t.co/ylu6vYI0Bb"
2020-03-19 19:41:35;Louder for the people in the back! https://t.co/CQyT6wrpsC
2020-03-19 19:41:35;@BigDeal151 @WhiteHouse @realDonaldTrump @fema Private medical air transport companies played an important role in‚Ä¶ https://t.co/KVZBhn39rx
2020-03-19 19:41:33;@PRickardson @TomsWorkbench @WhiteHouse Rude.
2020-03-19 19:41:32;@tedlieu @WhiteHouse I hope @tedlieu catches Kung Flu!
2020-03-19 19:41:32;@WhiteHouse @realDonaldTrump @fema Our failing president must try harder to make tests available. He drug his lift shoe heels for weeks.
2020-03-19 19:41:32;Ya let‚Äôs just continue racism instead of trying to correct it üôÑ https://t.co/qoNFucF9Bf
2020-03-19 19:41:32;@BrandonBeckham_ @WhiteHouse @realDonaldTrump ‚ÄúThe Federal government is not supposed to be out there buying vast a‚Ä¶ https://t.co/U4AxRgfm9f
2020-03-19 19:41:30;@AndrewLeeLanier @SenatorBurr @WhiteHouse Better get out and vote, when appropriate and while following social dist‚Ä¶ https://t.co/yIzqsg9QVi
2020-03-19 19:41:30;@waltdphillips @WhiteHouse @realDonaldTrump @fema Is the virus not spreading unchecked and untested across the country?
2020-03-19 19:41:30;@WhiteHouse @realDonaldTrump The only thing I have to say is wow this illegitimate president moron is out of contro‚Ä¶ https://t.co/BEIkwB6U1q
2020-03-19 19:41:27;@WhiteHouse @realDonaldTrump I sure hope you‚Äôre right, but it will prop require government interference to avoid  people getting even poorer
2020-03-19 19:41:25;"@WhiteHouse @realDonaldTrump Consulting your inner ""hunch""?  You are not qualified to say anything about the virus.‚Ä¶ https://t.co/nBK6CncJNV"
2020-03-19 19:41:24;@BigDeal151 @WhiteHouse @realDonaldTrump @fema FEMA turned away doctors volunteering their services at emergency fa‚Ä¶ https://t.co/VIlI8CG06P
2020-03-19 19:41:23;@WhiteHouse @realDonaldTrump @fema Wasn‚Äôt it Jenius #DonaldJTrump  that said first Corona is a lie and then he call‚Ä¶ https://t.co/aVnckrFCZo
2020-03-19 19:41:22;@_ReaalAmerican_ @kimmyann1111 @WhiteHouse @realDonaldTrump Just like he pretended not knowing about closing the Pa‚Ä¶ https://t.co/Rv8DDMCGyq
